Title,Date,Rating,,
Shrek,17/01/2022,1,G,1
Venom,15/01/2022,5,PG,2
Un esp√≠a y medio,14/01/2022,5,TV-G,3
iCarly: Temporada 1: Cazando pollos,13/01/2022,4,TV-PG,4
Hombres de negro II,13/01/2022,5,PG-13,5
¬°Nailed It! M√©xico: Temporada 1: Fiesta fiasco,11/01/2022,4,TV-MA,6
"¬°Nailed It! M√©xico: Temporada 1: Mar√≠a, la del bet√∫n",11/01/2022,4,R,7
¬°Nailed It! M√©xico: Temporada 1: Depostre,11/01/2022,4,,
"tick, tick...BOOM!",11/01/2022,5,,
Si yo tuviera 30,11/01/2022,5,,
¬°Nailed It! Mexico: Temporada 1: Feliz cumplehornos,09/01/2022,4,,
Tierra de zombies,09/01/2022,7,,
¬°Nailed It! Mexico: Temporada 2: Saliendo a Flote,08/01/2022,4,,
Alerta roja,06/01/2022,4,,
Mas alla de la fiesta,05/09/2021,4,,
Rebelion de los Godinez,01/09/2021,7,,
Guerra de vecinos: Temporada 1: Bellas se√±oras,01/09/2021,6,,
Guerra de vecinos: Temporada 1: Rappi-d√≠n,01/09/2021,6,,
Guerra de vecinos: Temporada 1: La guerra fr√≠a,01/09/2021,6,,
Guerra de vecinos: Temporada 1: ¬°Aqu√≠ no pas√≥ nada!,01/09/2021,6,,
Guerra de vecinos: Temporada 1: El Cl√°sico de Cachirules,01/09/2021,6,,
Guerra de vecinos: Temporada 1: Muchach-app,01/09/2021,6,,
Guerra de vecinos: Temporada 1: Axi-NacaR,31/08/2021,6,,
Guerra de vecinos: Temporada 1: Los ricos tambi√©n lloran,31/08/2021,6,,
Victorious: Temporada 1: Robarazzi,23/08/2021,4,,
Taylor Swift reputation Stadium Tour,19/08/2021,4,,
¬°Nailed It! Mexico: Temporada 2: Horneando en la Pista de Baile,19/08/2021,4,,
Shrek tercero,18/08/2021,1,,
Drama total: TOTAL Drama: Action: La secuela: parte cuatro,17/08/2021,4,,
Drama total: TOTAL Drama: Action: Mot√≠n en la cabina de sonido,16/08/2021,4,,
Drama total: TOTAL Drama: Action: Como perro,16/08/2021,4,,
Drama total: TOTAL Drama: Action: 2008: Owen del espacio,16/08/2021,4,,
Drama total: TOTAL Drama: Action: La tigresa Courtney y el drag√≥n Owen,15/08/2021,4,,
Drama total: TOTAL Drama: Action: Rock & reglas,15/08/2021,4,,
Drama total: TOTAL Drama: Action: Busca pistas,15/08/2021,4,,
Drama total: TOTAL Drama: Action: La princesa famosa,15/08/2021,4,,
Drama total: TOTAL Drama: Action: La secuela 3: Owen o perder,15/08/2021,4,,
Drama total: TOTAL Drama: Action: Super-HaroId,15/08/2021,4,,
Drama total: TOTAL Drama: Action: Con M de misterio,15/08/2021,4,,
Inactividad paranormal,14/08/2021,7,,
Shrek 2,12/08/2021,1,,
El stand de los besos 3,11/08/2021,5,,
Drama total: TOTAL Drama: Action: Muchos golpes del destino,10/07/2021,4,,
Drama total: TOTAL Drama: Action: Un mill√≥n de d√≥lares en la prehistoria,09/07/2021,4,,
Drama total: TOTAL Drama: Action: La gran estafa,09/07/2021,4,,
Drama total: TOTAL Drama: Action: La secuela 2: ¬øGwen y olvido?,09/07/2021,4,,
Resident Evil: La tiniebla infinita: Temporada 1: Episodio 4,08/07/2021,6,,
Resident Evil: La tiniebla infinita: Temporada 1: Episodio 3,08/07/2021,6,,
Resident Evil: La tiniebla infinita: Temporada 1: Episodio 2,08/07/2021,6,,
Resident Evil: La tiniebla infinita: Temporada 1: Episodio 1,08/07/2021,6,,
Cincuenta sombras de Grey,07/07/2021,7,,
Drama total: TOTAL Drama: Action: Cara de drama,06/07/2021,6,,
Drama total: TOTAL Drama: Action: Reyes del desastre,06/07/2021,6,,
Drama total: TOTAL Drama: Action: Proyecto terror,06/07/2021,6,,
Gato con Botas,04/07/2021,1,,
Miraculous: Las aventuras de Ladybug: Temporada 1: Se√±or Pich√≥n,04/07/2021,2,,
Drama total: TOTAL Drama: Action: ¬°Sin perder la cabeza!,30/06/2021,4,,
Drama total: TOTAL Drama: Action: Sue√±os de cocina,30/06/2021,4,,
Drama total: TOTAL Drama: Action: La secuela 1: El descenso de Trent,29/06/2021,4,,
Drama total: TOTAL Drama: Action: 3:10 a Pueblo Loco,29/06/2021,4,,
Drama total: TOTAL Drama: Action: Falsa manta,29/06/2021,4,,
Drama total: TOTAL Drama: Action: Problemas en el set,29/06/2021,4,,
Elite: Temporada 4: Antes de irme (2¬™ parte),28/06/2021,6,,
Elite:  historias breves: Guzm√°n Caye Rebe: Temporada 1: Parte 3,24/06/2021,6,,
Elite: historias breves: Guzm√°n Caye Rebe: Temporada 1: Parte 2,24/06/2021,6,,
Elite:  historias breves: Guzm√°n Caye Rebe: Temporada 1: Parte 1,24/06/2021,6,,
Resident Evil: Vendetta,22/06/2021,7,,
Elite: lite historias breves: Nadia Guzm√°n: Temporada 1: Parte 3,19/06/2021,6,,
Elite:  historias breves: Nadia Guzm√°n: Temporada 1: Parte 2,19/06/2021,6,,
Elite:  historias breves: Nadia Guzm√°n: Temporada 1: Parte 1,19/06/2021,6,,
√âlite: Temporada 4: Antes de irme (1¬™ parte),19/06/2021,6,,
Elite: : Temporada 4: Te quiero mal,19/06/2021,6,,
Elite: : Temporada 4: La reinserci√≥n,19/06/2021,6,,
Elite: : Temporada 4: Soy una...,19/06/2021,6,,
Shrek: Para siempre el cap√≠tulo final,18/06/2021,1,,
Shadowhunters: The Mortal Instruments: Temporada 1: La Copa Mortal,18/06/2021,6,,
√âlite: Temporada 4: Cuando bailan las mentiras con las tentaciones,18/06/2021,6,,
√âlite: Temporada 4: 5 segundos,18/06/2021,6,,
√âlite: Temporada 4: El nuevo orden,18/06/2021,6,,
√âlite historias breves: Carla Samuel: Temporada 1: Parte 3,17/06/2021,6,,
√âlite historias breves: Carla Samuel: Temporada 1: Parte 2,17/06/2021,6,,
√âlite historias breves: Carla Samuel: Temporada 1: Parte 1,17/06/2021,6,,
Drama total: TOTAL Drama: Action: Reshuev-cci√≥n alien√≠gena,15/06/2021,4,,
"Drama total: Total Drama Island: ¬øEstamos all√≠, yeti?",15/06/2021,4,,
Drama total: TOTAL Drama: Action: ¬°Dinero monstruoso!,15/06/2021,4,,
Drama total: Total Drama Island: Isla del drama,15/06/2021,4,,
Baywatch: Guardianes de la bah√≠a,14/06/2021,5,,
"Drama total: Total Drama Island: ¬°El muy √∫ltimo episodio, realmente!",14/06/2021,4,,
Drama total: Total Drama Island: ¬°Te reto triple!,14/06/2021,4,,
Drama total: Total Drama Island: Campistas n√°ufragos,14/06/2021,4,,
Drama total: Total Drama Island: Alta campamentura,14/06/2021,4,,
Drama total: Total Drama Island: Prueba por el triatl√≥n tribraceado,13/06/2021,4,,
Drama total: Total Drama Island: Cacer√≠a de venados con paintball,12/06/2021,4,,
Drama total: Total Drama Island: ¬°Wawanakwa va de caza!,12/06/2021,4,,
"Drama total: Total Drama Island: El garfio, la l√≠nea y el grit√≥n",12/06/2021,4,,
Drama total: Total Drama Island: ¬°Es la salida de la cadena!,12/06/2021,4,,
Drama total: Total Drama Island: Esc√≥ndete y s√© sopl√≥n,12/06/2021,4,,
Drama total: Total Drama Island: Busca y no destruyas,12/06/2021,4,,
"Drama total: Total Drama Island: Sin dolor, no hay juego",12/06/2021,4,,
Drama total: Total Drama Island: Desayuno de la asquerosidad,12/06/2021,4,,
Drama total: Total Drama Island: Tortura extrema,12/06/2021,4,,
Drama total: Total Drama Island: Entrenamiento b√°sico,12/06/2021,4,,
Drama total: Total Drama Island: ¬øEn qui√©n puedes confiar?,12/06/2021,4,,
Drama total: Total Drama Island: Si no puedes resistir el calor...,12/06/2021,4,,
Drama total: Total Drama Island: Sube a la canoa,12/06/2021,4,,
Drama total: Total Drama Island: Factor fobia,12/06/2021,4,,
Desnudo,11/06/2021,5,,
Drama total: Total Drama Island: Los campistas apestosos,11/06/2021,4,,
Drama total: Total Drama Island: No tan famoso,11/06/2021,4,,
Drama total: Total Drama Island: El esquivapelotas,09/06/2021,4,,
Drama total: Total Drama Island: El despiertat√≥n,09/06/2021,4,,
Drama total: Total Drama Island: The Not So Great Outdoors: Parte 2,09/06/2021,4,,
Drama total: Total Drama Island: The Not So Great Outdoors: Parte 1,09/06/2021,4,,
"Victorious: Temporada 1: Tori, la zombie",09/06/2021,4,,
Victorious: Temporada 1: Jade bota a Beck,09/06/2021,4,,
Henry Danger: Temporada 1: Episodio 26,09/06/2021,4,,
Henry Danger: Temporada 1: Episodio 25,09/06/2021,4,,
Henry Danger: Temporada 1: Episodio 24,08/06/2021,4,,
Sam y Cat: Temporada 1B: #BlueDogSoda,08/06/2021,4,,
¬°Nailed It! M√©xico: Temporada 2: Artesanos Insanos,08/06/2021,4,,
Scooby-Doo 2: Monstruos sueltos,03/06/2021,5,,
Alvin y las ardillas: Aventura sobre ruedas,30/05/2021,2,,
The Witcher: Temporada 1: Principio del fin,30/05/2021,6,,
Lucy,29/05/2021,5,,
El ej√©rcito de los muertos,25/05/2021,7,,
Shawn Mendes: In Wonder,25/05/2021,4,,
¬°Nailed It! M√©xico: Temporada 2: Carnaval de Errores,25/05/2021,4,,
Los ping√ºinos de Madagascar: La pel√≠cula,20/05/2021,1,,
Riverdale: Temporada 1: Cap√≠tulo 1: Corrientes traicioneras,20/05/2021,6,,
Riverdale: Temporada 1: Cap√≠tulo 2: Las sombras del mal,20/05/2021,6,,
El stand de los besos 2,19/05/2021,5,,
El stand de los besos,18/05/2021,5,,
Chiquito pero peligroso,18/05/2021,7,,
Tom and Jerry: La pel√≠cula,18/05/2021,2,,
Instant Family,18/05/2021,6,,
¬°Nailed It! M√©xico: Temporada 2: Arte Desastre,18/05/2021,4,,
Henry Danger: Temporada 1: Episodio 23,17/05/2021,4,,
¬°Nailed It! M√©xico: Temporada 2: Pasteles Fuera de √ìrbita,17/05/2021,4,,
Resident evil degeneraci√≥n,16/05/2021,7,,
¬ø...Y d√≥nde est√°n las rubias?,16/05/2021,5,,
Madre solo hay dos: Temporada 1: Mentiras,15/05/2021,4,,
Luis Miguel - La Serie: Temporada 1: Cuando calienta el sol,15/05/2021,4,,
Nailed It!: Problema doble: Donas y viajes,15/05/2021,4,,
¬°Nailed It! M√©xico: Temporada 3: Suena deli,15/05/2021,4,,
¬°Nailed It! M√©xico: Temporada 3: Superfracaso,15/05/2021,4,,
¬°Nailed It! M√©xico: Temporada 3: Pastelazo de panzazo,14/05/2021,4,,
365 d√≠as,12/03/2021,7,,
Gambito de dama: Miniserie: Intercambios,07/03/2021,4,,
Gambito de dama: Miniserie: Aperturas,07/03/2021,4,,
2012,06/03/2021,5,,
Kong: La isla calavera,04/03/2021,5,,
¬°Nailed It! M√©xico: Temporada 3: Desastres encantados,02/03/2021,4,,
¬°Nailed It! M√©xico: Temporada 3: Cementerio pastelero,02/03/2021,4,,
Ever After High: Juego de dragones: Luchando contra la reina,27/02/2021,2,,
Ever After High: Juego de dragones: Huyendo al bosque,27/02/2021,2,,
Henry Danger: Temporada 1: Episodio 22,26/02/2021,4,,
Ever After High: Juego de dragones: Suelten a los dragones,24/02/2021,2,,
Ever After High: Juego de dragones: Rompiendo el espejo,24/02/2021,2,,
Misi√≥n: Imposible - Repercusi√≥n,24/02/2021,7,,
Miraculous: Las aventuras de Ladybug - ¬°Feliz cumplea√±os!,24/02/2021,2,,
Scooby-Doo,22/02/2021,5,,
Henry Danger: Temporada 1: Episodio 21,20/02/2021,4,,
Henry Danger: Temporada 1: Episodio 20,20/02/2021,4,,
¬°Nailed It! M√©xico: Temporada 3: Delici√≥sotl,20/02/2021,4,,
iCarly: Temporada 1: iWill Date Freddie,20/02/2021,4,,
iCarly: Temporada 1: Quiero romper un r√©cord mundial,20/02/2021,4,,
iCarly: Temporada 1: iSpy a Mean Teacher,20/02/2021,4,,
iCarly: Temporada 1: iWanna Stay With Spencer,20/02/2021,4,,
iCarly: Temporada 1: iNevel,20/02/2021,4,,
iCarly: Temporada 1: Mi maestra est√° enferma de amor,20/02/2021,4,,
El incre√≠ble mundo de Gumball: Temporada 1: El tercero / La deuda,20/02/2021,4,,
Henry Danger: Temporada 1: Episodio 19,19/02/2021,4,,
Henry Danger: Temporada 1: Episodio 18,19/02/2021,4,,
Henry Danger: Temporada 1: Episodio 17,19/02/2021,4,,
Henry Danger: Temporada 1: Episodio 16,19/02/2021,4,,
Henry Danger: Temporada 1: Episodio 15,19/02/2021,4,,
Henry Danger: Temporada 1: Episodio 14,19/02/2021,4,,
Henry Danger: Temporada 1: Episodio 13,19/02/2021,4,,
Henry Danger: Temporada 1: Episodio 12,19/02/2021,4,,
Henry Danger: Temporada 1: Episodio 11,19/02/2021,4,,
Henry Danger: Temporada 1: Episodio 10,19/02/2021,4,,
Henry Danger: Temporada 1: Episodio 9,19/02/2021,4,,
Henry Danger: Temporada 1: Episodio 8,19/02/2021,4,,
Henry Danger: Temporada 1: Episodio 7,19/02/2021,4,,
El incre√≠ble mundo de Gumball: Temporada 3: El tri√°ngulo / El dinero,19/02/2021,4,,
La teor√≠a del todo,19/02/2021,7,,
Henry Danger: Temporada 1: Episodio 6,18/02/2021,4,,
Miraculous: Las aventuras de Ladybug: Temporada 3: Parte 2: Miracle Queen: La batalla de los Miraculous (Parte 2),18/02/2021,2,,
Big Mouth: Temporada 2: El Hechicero de la Verg√ºenza,18/02/2021,6,,
Big Mouth: Temporada 2: Tetas,18/02/2021,6,,
Big Mouth: Temporada 2: ¬øSoy normal?,18/02/2021,6,,
Henry Danger: Temporada 1: Episodio 5,17/02/2021,4,,
Henry Danger: Temporada 1: Episodio 4,17/02/2021,4,,
Henry Danger: Temporada 1: Episodio 3,17/02/2021,4,,
Henry Danger: Temporada 1: Episodio 2,17/02/2021,4,,
Henry Danger: Temporada 1: Episodio 1,17/02/2021,4,,
Madre solo hay dos: Temporada 1: Tiempo de calidad,17/02/2021,6,,
Madre solo hay dos: Temporada 1: Dating,17/02/2021,6,,
Madre solo hay dos: Temporada 1: Mi familia no es perfecta,17/02/2021,6,,
Miraculous: Las aventuras de Ladybug: Temporada 3: Parte 2: Cazacorazones: La batalla de los Miraculous (Parte 1),17/02/2021,6,,
Madre solo hay dos: Temporada 1: Paternidad,17/02/2021,6,,
Miraculous: Las aventuras de Ladybug: Temporada 3: Parte 2: Ladybug,17/02/2021,4,,
Miraculous: Las aventuras de Ladybug: Temporada 3: Parte 2: F√©lix,17/02/2021,4,,
Madre solo hay dos: Temporada 1: Din√°micas familiares,17/02/2021,6,,
Madre solo hay dos: Temporada 1: Bienvenidas a casa,17/02/2021,6,,
El sorprendente Hombre Ara√±a,17/02/2021,5,,
100 d√≠as para enamorarnos: Temporada 1: Parejas en crisis,17/02/2021,6,,
Madre solo hay dos: Temporada 1: Chin-chan-p√∫,14/02/2021,6,,
Victorious: Temporada 1: La canci√≥n de la semana de cumplea√±os,13/02/2021,4,,
Selena: The Series: Parte 1: Un sue√±o,13/02/2021,4,,
El incre√≠ble mundo de Gumball: Temporada 3: La receta / El cachorro,03/01/2021,4,,
El incre√≠ble mundo de Gumball: Temporada 3: El entrenador / La alegr√≠a,02/01/2021,4,,
Big Mouth: Temporada 2: El lado oscuro de la teta,02/01/2021,6,,
Big Mouth: Temporada 1: Las chicas tambi√©n se excitan,02/01/2021,6,,
Escuela de Rock,30/12/2020,5,,
iCarly: Temporada 1: Me gusta Jake,30/12/2020,4,,
El Grinch,28/12/2020,1,,
Miraculous: Las aventuras de Ladybug: Temporada 3: Parte 2: Cat Blanc,25/12/2020,2,,
Miraculous: Las aventuras de Ladybug: Temporada 3: Parte 2: Timetagger,25/12/2020,2,,
Miraculous: Las aventuras de Ladybug: Temporada 3: Parte 2: Tren Estrella,25/12/2020,2,,
Quieren volverme loco,25/12/2020,5,,
Avatar: La leyenda de Aang: Avatar: la leyenda de Aang: Libro 1: El Avatar regresa,24/12/2020,4,,
Oscuro deseo: Temporada 1: Esa instant√°nea muerte es bella...,22/12/2020,6,,
Guerra de pap√°s 2,22/12/2020,7,,
A todos los chicos de los que me enamor√©,22/12/2020,5,,
"Ariana Grande: Excuse me, I love you",21/12/2020,5,,
Big Mouth: Temporada 1: Todos sangran,21/12/2020,6,,
El club Winx: Temporada 5: El derrame,18/12/2020,2,,
Miraculous: Las aventuras de Ladybug: Temporada 3: Parte 2: Desperada,18/12/2020,2,,
Miraculous: Las aventuras de Ladybug: Temporada 3: Parte 2: Ikari Gozen,18/12/2020,2,,
Miraculous: Las aventuras de Ladybug: Temporada 3: Parte 2: Mu√±ekta,17/12/2020,2,,
Miraculous: Las aventuras de Ladybug: Temporada 3: Parte 2: Fest√≠n,17/12/2020,2,,
Miraculous: Las aventuras de Ladybug: Temporada 3: Parte 2: Cazadora de kwamis,17/12/2020,2,,
Miraculous: Las aventuras de Ladybug: Temporada 3: Parte 2: Tormentosa (Parte 2),17/12/2020,2,,
Miraculous: Las aventuras de Ladybug: Temporada 3: Parte 1: La Titiritera (Parte 2),17/12/2020,2,,
BoJack Horseman: Temporada 1: Fantasmas del pasado,17/12/2020,2,,
Miraculous: Las aventuras de Ladybug: Temporada 3: Parte 1: Amo Navide√±o,16/12/2020,2,,
Miraculous: Las aventuras de Ladybug: Temporada 3: Parte 1: Aguafiestas,16/12/2020,2,,
Miraculous: Las aventuras de Ladybug: Temporada 3: Parte 1: Oblivio,16/12/2020,2,,
Miraculous: Las aventuras de Ladybug: Temporada 3: Parte 1: Miraculer,16/12/2020,2,,
El pr√≠ncipe del rap: Temporada 6: Will incendia la casa,15/12/2020,4,,
El pr√≠ncipe del rap: Temporada 1: No se metan con mi cerdito,15/12/2020,4,,
El pr√≠ncipe del rap: Temporada 1: La conquistar√© a mi modo,15/12/2020,4,,
El pr√≠ncipe del rap: Temporada 1: La clase de jazz,15/12/2020,4,,
"El pr√≠ncipe del rap: Temporada 1: ¬°Alerta, el pr√≠ncipe lleg√≥!",15/12/2020,4,,
Victorious: Temporada 1: Una noche en la casa de Sikowitz,12/12/2020,4,,
Hombres de negro,12/12/2020,5,,
BoJack Horseman: Temporada 1: BoJack enemigo p√∫blico,12/12/2020,7,,
Jack y Jill,11/12/2020,5,,
Victorious: Temporada 1: Una pel√≠cula de Dale Squires,11/12/2020,4,,
Victorious: Temporada 1: Hollywood,11/12/2020,4,,
Cuidado con lo que deseas,10/12/2020,7,,
Rascacielos: Rescate en las alturas,09/12/2020,5,,
Big Mouth: Temporada 4: ¬øQu√© otra opci√≥n tienes?,08/12/2020,6,,
Big Mouth: Temporada 4: Hermandad del horror,08/12/2020,6,,
Big Mouth: Temporada 4: El funeral,07/12/2020,6,,
Big Mouth: Temporada 4: Cuatro historias de placer manual,07/12/2020,6,,
Big Mouth: Temporada 4: Nick Starr,07/12/2020,6,,
Big Mouth: Temporada 4: Un episodio muy especial sobre el 11¬†de¬†Septiembre,07/12/2020,6,,
Big Mouth: Temporada 4: Las chicas de s√©ptimo,07/12/2020,6,,
La piloto: Temporada 1: Cap√≠tulo 5,05/12/2020,6,,
Big Mouth: Temporada 4: Caca en la cabeza,04/12/2020,6,,
Big Mouth: Temporada 4: Mi primer tamp√≥n,04/12/2020,6,,
Big Mouth: Temporada 4: La nueva yo,04/12/2020,6,,
Hotel Transilvania 2,03/12/2020,1,,
The Crown: Temporada 1: Wolferton Splash,03/12/2020,6,,
Enola Holmes,02/12/2020,5,,
Miraculous: Las aventuras de Ladybug: Temporada 3: Parte 1: Oni-Chan,02/12/2020,2,,
Miraculous: Las aventuras de Ladybug: Temporada 3: Parte 1: Silenciador,02/12/2020,2,,
Big Mouth: Temporada 1: Eyaculaci√≥n,02/12/2020,6,,
Drama total: Drama total: Todos estrellas: El destrozo final,02/12/2020,4,,
Drama total: Drama total: Todos estrellas: El valiente y el bot√≠n,02/12/2020,4,,
"Drama total: Drama total: Todos estrellas: Helado, sangriento helado",02/12/2020,4,,
Drama total: Drama total: Todos estrellas: La carrera obsta-asesina,02/12/2020,4,,
Drama total: Drama total: Todos estrellas: Busca y encontrar√°s,02/12/2020,4,,
Drama total: Drama total: Todos estrellas: Est√°s bromeando,02/12/2020,4,,
Drama total: Drama total: Todos estrellas: Golpes a traici√≥n,02/12/2020,4,,
"No manches,  Frida",01/12/2020,5,,
A todos los chicos: P. D. Todav√≠a te quiero,01/12/2020,5,,
Pollitos en fuga,01/12/2020,1,,
Drama total: Drama total: Todos estrellas: Nadie lo huesperaba,30/11/2020,4,,
Drama total: Drama total: Todos estrellas: Locura de luna,30/11/2020,4,,
Drama total: Drama total: Todos estrellas: Guerra de comida,30/11/2020,4,,
Drama total: Drama total: Todos estrellas: Salvando al soldado sanguijuela,30/11/2020,4,,
Drama total: Drama total: Todos estrellas: Terror malvado,30/11/2020,4,,
Drama total: Drama total: Todos estrellas: H√©roes vs. villanos,30/11/2020,4,,
Sex Education: Temporada 2: Episodio 8,30/11/2020,6,,
Sex Education: Temporada 2: Episodio 7,30/11/2020,6,,
Sex Education: Temporada 2: Episodio 6,30/11/2020,6,,
Sex Education: Temporada 2: Episodio 5,30/11/2020,6,,
La piloto: Temporada 1: Cap√≠tulo 4,29/11/2020,6,,
La piloto: Temporada 1: Cap√≠tulo 3,29/11/2020,6,,
La piloto: Temporada 1: Cap√≠tulo 2,29/11/2020,6,,
Cincuenta sombras liberadas,28/11/2020,7,,
Batman vs Superman: El origen de la justicia,28/11/2020,7,,
Sex Education: Temporada 2: Episodio 4,28/11/2020,6,,
La piloto: Temporada 1: Cap√≠tulo 1,28/11/2020,6,,
Blancanieves y el cazador,27/11/2020,7,,
Lo m√°s sencillo es complicarlo todo,27/11/2020,5,,
Sex Education: Temporada 2: Episodio 3,27/11/2020,6,,
"Hora de aventura: Temporada 5: Jake, el pap√° / Davey",26/11/2020,4,,
Hora de aventura: Temporada 5: Toda la gente peque√±a / Muchachito malo,26/11/2020,4,,
Hora de aventura: Temporada 5: Otras cinco f√°bulas cortas / Arriba del √°rbol,26/11/2020,4,,
Sex Education: Temporada 2: Episodio 2,26/11/2020,6,,
El mundo oculto de Sabrina: Parte 1: Cap√≠tulo uno: El pa√≠s de octubre,23/11/2020,4,,
Miraculous: Las aventuras de Ladybug: Temporada 3: Parte 1: Pap√° Lobo,23/11/2020,2,,
Miraculous: Las aventuras de Ladybug: Temporada 3: Parte 1: Jugador 2.0,23/11/2020,2,,
Miraculous: Las aventuras de Ladybug: Temporada 3: Parte 1: Reversora,23/11/2020,2,,
Miraculous: Las aventuras de Ladybug: Temporada 3: Parte 1: Panadero,23/11/2020,2,,
Miraculous: Las aventuras de Ladybug: Temporada 3: Parte 1: Animaestro,23/11/2020,2,,
Miraculous: Las aventuras de Ladybug: Temporada 3: Parte 1: Camale√≥n,23/11/2020,2,,
Remodelaciones festivas con el Sr. Navidad: Temporada 1: ¬°Esta Navidad es nuestra!,21/11/2020,4,,
¬°Hombre al agua!,19/11/2020,5,,
Victorious: Temporada 1: La Estrella del Wok,19/11/2020,4,,
La leyenda del jinete sin cabeza,19/11/2020,7,,
Big Mouth: Temporada 3: Super Big Mouth,19/11/2020,6,,
"Hora de aventura: Temporada 5: Finn, el humano /Jake, el perro",19/11/2020,4,,
"Big Mouth: Temporada 3: Acoso sexual, el musical",18/11/2020,6,,
Big Mouth: Temporada 3: Adderall,18/11/2020,6,,
Big Mouth: Temporada 3: La lista,18/11/2020,6,,
Big Mouth: Temporada 3: Duke,18/11/2020,6,,
Big Mouth: Temporada 3: C√≥mo tener un orgasmo,18/11/2020,6,,
Big Mouth: Temporada 3: Florida,18/11/2020,6,,
Big Mouth: Temporada 3: Obsesi√≥n,18/11/2020,6,,
Sex Education: Temporada 2: Episodio 1,17/11/2020,6,,
Big Mouth: Temporada 3: Ella,17/11/2020,6,,
Big Mouth: Temporada 3: Las chicas tambi√©n se enojan,17/11/2020,6,,
Big Mouth: Temporada 3: San¬†Valent√≠n grande y peludo,17/11/2020,6,,
Big Mouth: Temporada 2: El Departamento de Pubertad,17/11/2020,6,,
Big Mouth: Temporada 2: Pueblo de Hombres,16/11/2020,6,,
Big Mouth: Temporada 2: Hermanos de droga,16/11/2020,6,,
Bob Esponja: Al rescate,15/11/2020,5,,
Oscuro deseo: Temporada 1: Un perverso juego de espejos,15/11/2020,6,,
Oscuro deseo: Temporada 1: El coraz√≥n delator,15/11/2020,6,,
Oscuro deseo: Temporada 1: Te metiste con la mujer equivocada,15/11/2020,6,,
Oscuro deseo: Temporada 1: ¬øExtra√±ando los viejos tiempos?,15/11/2020,6,,
Big Mouth: Temporada 2: El show de Planned Parenthood,14/11/2020,6,,
"Big Mouth: Temporada 2: Steve, el virgen",14/11/2020,6,,
Big Mouth: Temporada 1: El PornoVista,13/11/2020,6,,
Big Mouth: Temporada 1: Sobreviv√≠ al bat mitzvah de Jessi,13/11/2020,6,,
Big Mouth: Temporada 1: El bajacabezas,13/11/2020,6,,
Victorious: Temporada 1: Los Diddly-Bops,13/11/2020,4,,
Victorious: Temporada 1: La muerte de Rex,12/11/2020,4,,
Victorious: Temporada 1: Freak the Freak Out: Parte 2,12/11/2020,4,,
Victorious: Temporada 1: Freak the Freak Out: Parte 1,12/11/2020,4,,
Big Mouth: Temporada 1: R√©quiem por un sue√±o (h√∫medo),12/11/2020,6,,
Big Mouth: Temporada 1: Cons√∫ltalo con la almohada,12/11/2020,6,,
Sex Education: Temporada 1: Episodio 8,11/11/2020,6,,
Sex Education: Temporada 1: Episodio 7,11/11/2020,6,,
Oscuro deseo: Temporada 1: ¬øQu√© sabes acerca de Dar√≠o Guerra?,11/11/2020,6,,
Sex Education: Temporada 1: Episodio 6,11/11/2020,6,,
"Oscuro deseo: Temporada 1: Pero el amor, esa palabra",11/11/2020,6,,
Oscuro deseo: Temporada 1: Eso que los normales llaman amor,11/11/2020,6,,
Oscuro deseo: Temporada 1: Una √∫ltima noche de pasi√≥n,10/11/2020,6,,
Oscuro deseo: Temporada 1: Es solo sexo,10/11/2020,6,,
Sex Education: Temporada 1: Episodio 5,10/11/2020,6,,
Sex Education: Temporada 1: Episodio 4,10/11/2020,6,,
"Yo soy Betty, la fea: Temporada 1: Episodio 335",10/11/2020,4,,
Big Mouth: Temporada 1: Pijamada: una horrible experiencia de brutalidad emocional,09/11/2020,6,,
Big Mouth: Temporada 1: ¬øSoy gay?,09/11/2020,6,,
Escuadr√≥n suicida,09/11/2020,7,,
La casa de papel: Parte 1: Episodio 1,09/11/2020,6,,
Big Mouth: Temporada 2: Besar o hablar,09/11/2020,6,,
Sex Education: Temporada 1: Episodio 3,07/11/2020,6,,
Sex Education: Temporada 1: Episodio 2,07/11/2020,6,,
Sex Education: Temporada 1: Episodio 1,07/11/2020,6,,
Avatar: La leyenda de Aang: Avatar: la leyenda de Aang: Libro 1: El ni√±o en el iceberg,04/11/2020,4,,
"BoJack Horseman: Temporada 1: BoJack Horseman: Temporada 1: La historia de BoJack, cap√≠tulo 1",04/11/2020,4,,
Diablero: Temporada 2: El Ahuizotl,04/11/2020,6,,
Diablero: Temporada 2: Buscando a Ventura,04/11/2020,6,,
"Yo soy Betty, la fea: Temporada 1: Episodio 334",04/11/2020,4,,
"Yo soy Betty, la fea: Temporada 1: Episodio 333",04/11/2020,4,,
"Yo soy Betty, la fea: Temporada 1: Episodio 332",04/11/2020,4,,
"Yo soy Betty, la fea: Temporada 1: Episodio 331",04/11/2020,4,,
"Yo soy Betty, la fea: Temporada 1: Episodio 330",04/11/2020,4,,
"Yo soy Betty, la fea: Temporada 1: Episodio 329",04/11/2020,4,,
"Yo soy Betty, la fea: Temporada 1: Episodio 328",04/11/2020,4,,
"Yo soy Betty, la fea: Temporada 1: Episodio 327",04/11/2020,4,,
"Yo soy Betty, la fea: Temporada 1: Episodio 326",04/11/2020,4,,
"Yo soy Betty, la fea: Temporada 1: Episodio 325",04/11/2020,4,,
"Yo soy Betty, la fea: Temporada 1: Episodio 324",04/11/2020,4,,
"Yo soy Betty, la fea: Temporada 1: Episodio 323",04/11/2020,4,,
√âlite: Temporada 3: Polo,03/11/2020,6,,
"Yo soy Betty, la fea: Temporada 1: Episodio 322",03/11/2020,4,,
"Yo soy Betty, la fea: Temporada 1: Episodio 321",03/11/2020,4,,
√âlite: Temporada 3: Nadia y Omar,03/11/2020,6,,
√âlite: Temporada 3: Rebeka,03/11/2020,6,,
√âlite: Temporada 3: Ander,03/11/2020,6,,
√âlite: Temporada 3: Lu,03/11/2020,6,,
El se√±or de los Cielos: Temporada 1: Aurelio traiciona a Pablo,03/11/2020,6,,
"Yo soy Betty, la fea: Temporada 1: Episodio 320",03/11/2020,4,,
"Yo soy Betty, la fea: Temporada 1: Episodio 319",03/11/2020,4,,
"Yo soy Betty, la fea: Temporada 1: Episodio 318",03/11/2020,4,,
Rosario Tijeras: Temporada 3: Episodio 70,07/10/2020,6,,
Lucifer: Temporada 5: El gemelo maldito,07/10/2020,6,,
Rosario Tijeras: Temporada 3: Episodio 69,07/10/2020,6,,
Rosario Tijeras: Temporada 3: Episodio 68,07/10/2020,6,,
Lucifer: Temporada 5: Aprender a compartir,07/10/2020,6,,
Lucifer: Temporada 5: Carnal,07/10/2020,6,,
Lucifer: Temporada 5: Detective Amenadiel,07/10/2020,6,,
Lucifer: Temporada 5: Una historia en clave noir,07/10/2020,6,,
Lucifer: Temporada 5: ¬°Diablo!,07/10/2020,6,,
"Lucifer: Temporada 5: ¬°Lucifer, Lucifer, Lucifer!",07/10/2020,6,,
Lucifer: Temporada 5: El pr√≠ncipe triste,07/10/2020,6,,
Rosario Tijeras: Temporada 3: Episodio 67,07/10/2020,6,,
Ah√≠ te encargo,07/10/2020,5,,
"Yo soy Betty, la fea: Temporada 1: Episodio 1",07/10/2020,4,,
Rosario Tijeras: Temporada 3: Episodio 66,07/10/2020,6,,
Rosario Tijeras: Temporada 3: Episodio 65,07/10/2020,6,,
"Yo soy Betty, la fea: Temporada 1: Episodio 317",06/10/2020,4,,
"Yo soy Betty, la fea: Temporada 1: Episodio 316",06/10/2020,4,,
"Yo soy Betty, la fea: Temporada 1: Episodio 315",06/10/2020,4,,
"Yo soy Betty, la fea: Temporada 1: Episodio 314",06/10/2020,4,,
"Yo soy Betty, la fea: Temporada 1: Episodio 313",05/10/2020,4,,
"Yo soy Betty, la fea: Temporada 1: Episodio 312",05/10/2020,4,,
"Yo soy Betty, la fea: Temporada 1: Episodio 311",05/10/2020,4,,
"Yo soy Betty, la fea: Temporada 1: Episodio 310",05/10/2020,4,,
"Yo soy Betty, la fea: Temporada 1: Episodio 309",05/10/2020,4,,
"Yo soy Betty, la fea: Temporada 1: Episodio 308",05/10/2020,4,,
"Yo soy Betty, la fea: Temporada 1: Episodio 307",05/10/2020,4,,
"Yo soy Betty, la fea: Temporada 1: Episodio 306",05/10/2020,4,,
"Yo soy Betty, la fea: Temporada 1: Episodio 305",05/10/2020,4,,
"Yo soy Betty, la fea: Temporada 1: Episodio 304",05/10/2020,4,,
"Yo soy Betty, la fea: Temporada 1: Episodio 303",05/10/2020,4,,
"Yo soy Betty, la fea: Temporada 1: Episodio 302",05/10/2020,4,,
"Yo soy Betty, la fea: Temporada 1: Episodio 301",05/10/2020,4,,
"Yo soy Betty, la fea: Temporada 1: Episodio 300",05/10/2020,4,,
"Yo soy Betty, la fea: Temporada 1: Episodio 299",05/10/2020,4,,
"Yo soy Betty, la fea: Temporada 1: Episodio 298",05/10/2020,4,,
"Yo soy Betty, la fea: Temporada 1: Episodio 297",05/10/2020,4,,
"Yo soy Betty, la fea: Temporada 1: Episodio 296",05/10/2020,4,,
Criogenizaci√≥n: Vivir dos veces,05/10/2020,4,,
"Yo soy Betty, la fea: Temporada 1: Episodio 295",05/10/2020,4,,
"Yo soy Betty, la fea: Temporada 1: Episodio 294",05/10/2020,4,,
"Yo soy Betty, la fea: Temporada 1: Episodio 293",05/10/2020,4,,
"Yo soy Betty, la fea: Temporada 1: Episodio 292",05/10/2020,4,,
"Yo soy Betty, la fea: Temporada 1: Episodio 291",05/10/2020,4,,
"Yo soy Betty, la fea: Temporada 1: Episodio 290",05/10/2020,4,,
"Yo soy Betty, la fea: Temporada 1: Episodio 289",05/10/2020,4,,
"Yo soy Betty, la fea: Temporada 1: Episodio 288",05/10/2020,4,,
"Yo soy Betty, la fea: Temporada 1: Episodio 287",05/10/2020,4,,
"Yo soy Betty, la fea: Temporada 1: Episodio 286",05/10/2020,4,,
"Yo soy Betty, la fea: Temporada 1: Episodio 285",05/10/2020,4,,
"Yo soy Betty, la fea: Temporada 1: Episodio 284",05/10/2020,4,,
"Yo soy Betty, la fea: Temporada 1: Episodio 283",05/10/2020,4,,
"Yo soy Betty, la fea: Temporada 1: Episodio 282",04/10/2020,4,,
"Yo soy Betty, la fea: Temporada 1: Episodio 281",04/10/2020,4,,
"Yo soy Betty, la fea: Temporada 1: Episodio 280",04/10/2020,4,,
"Yo soy Betty, la fea: Temporada 1: Episodio 279",04/10/2020,4,,
"Yo soy Betty, la fea: Temporada 1: Episodio 278",04/10/2020,4,,
"Yo soy Betty, la fea: Temporada 1: Episodio 277",04/10/2020,4,,
"Yo soy Betty, la fea: Temporada 1: Episodio 276",04/10/2020,4,,
"Yo soy Betty, la fea: Temporada 1: Episodio 275",04/10/2020,4,,
Godzilla,04/10/2020,5,,
"Yo soy Betty, la fea: Temporada 1: Episodio 274",04/10/2020,4,,
"Yo soy Betty, la fea: Temporada 1: Episodio 273",04/10/2020,4,,
"Yo soy Betty, la fea: Temporada 1: Episodio 272",04/10/2020,4,,
"Yo soy Betty, la fea: Temporada 1: Episodio 271",04/10/2020,4,,
"Yo soy Betty, la fea: Temporada 1: Episodio 270",04/10/2020,4,,
"Yo soy Betty, la fea: Temporada 1: Episodio 269",04/10/2020,4,,
"Yo soy Betty, la fea: Temporada 1: Episodio 268",04/10/2020,4,,
"Yo soy Betty, la fea: Temporada 1: Episodio 267",04/10/2020,4,,
"Yo soy Betty, la fea: Temporada 1: Episodio 266",04/10/2020,4,,
"Yo soy Betty, la fea: Temporada 1: Episodio 265",04/10/2020,4,,
"Yo soy Betty, la fea: Temporada 1: Episodio 264",04/10/2020,4,,
"Yo soy Betty, la fea: Temporada 1: Episodio 263",04/10/2020,4,,
"Yo soy Betty, la fea: Temporada 1: Episodio 262",04/10/2020,4,,
Rosario Tijeras: Temporada 3: Episodio 64,04/10/2020,6,,
Rosario Tijeras: Temporada 3: Episodio 63,04/10/2020,6,,
"Yo soy Betty, la fea: Temporada 1: Episodio 261",04/10/2020,4,,
"Yo soy Betty, la fea: Temporada 1: Episodio 260",04/10/2020,4,,
"Yo soy Betty, la fea: Temporada 1: Episodio 259",04/10/2020,4,,
"Yo soy Betty, la fea: Temporada 1: Episodio 258",04/10/2020,4,,
"Yo soy Betty, la fea: Temporada 1: Episodio 257",04/10/2020,4,,
Rosario Tijeras: Temporada 3: Episodio 62,04/10/2020,6,,
Bee Movie: La historia de una abeja,04/10/2020,2,,
Rosario Tijeras: Temporada 3: Episodio 61,04/10/2020,6,,
Ted,04/10/2020,7,,
Invasi√≥n del Mundo: Batalla Los √Ångeles,03/10/2020,5,,
"Yo soy Betty, la fea: Temporada 1: Episodio 256",03/10/2020,4,,
"Yo soy Betty, la fea: Temporada 1: Episodio 255",03/10/2020,4,,
"Yo soy Betty, la fea: Temporada 1: Episodio 254",03/10/2020,4,,
"Yo soy Betty, la fea: Temporada 1: Episodio 253",03/10/2020,4,,
"Yo soy Betty, la fea: Temporada 1: Episodio 252",03/10/2020,4,,
"Yo soy Betty, la fea: Temporada 1: Episodio 251",03/10/2020,4,,
"Yo soy Betty, la fea: Temporada 1: Episodio 250",03/10/2020,4,,
"Yo soy Betty, la fea: Temporada 1: Episodio 176",03/10/2020,4,,
Rosario Tijeras: Temporada 3: Episodio 60,03/10/2020,6,,
Rosario Tijeras: Temporada 3: Episodio 59,03/10/2020,6,,
Rosario Tijeras: Temporada 3: Episodio 58,03/10/2020,6,,
"Yo soy Betty, la fea: Temporada 1: Episodio 175",03/10/2020,4,,
Vivir dos veces,03/10/2020,5,,
Chicas pesadas,02/10/2020,5,,
Rosario Tijeras: Temporada 3: Episodio 57,02/10/2020,6,,
Rosario Tijeras: Temporada 3: Episodio 56,01/10/2020,6,,
Rosario Tijeras: Temporada 3: Episodio 55,01/10/2020,6,,
Rosario Tijeras: Temporada 3: Episodio 54,01/10/2020,6,,
Rosario Tijeras: Temporada 3: Episodio 53,01/10/2020,6,,
Rosario Tijeras: Temporada 3: Episodio 52,01/10/2020,6,,
Rosario Tijeras: Temporada 3: Episodio 51,01/10/2020,6,,
Rosario Tijeras: Temporada 3: Episodio 50,01/10/2020,6,,
Rosario Tijeras: Temporada 3: Episodio 49,30/09/2020,6,,
Rosario Tijeras: Temporada 3: Episodio 48,30/09/2020,6,,
Rosario Tijeras: Temporada 3: Episodio 47,30/09/2020,6,,
Rosario Tijeras: Temporada 3: Episodio 46,30/09/2020,6,,
Rosario Tijeras: Temporada 3: Episodio 45,30/09/2020,6,,
Rosario Tijeras: Temporada 3: Episodio 44,30/09/2020,6,,
Rosario Tijeras: Temporada 3: Episodio 43,30/09/2020,6,,
Rosario Tijeras: Temporada 3: Episodio 42,30/09/2020,6,,
Rosario Tijeras: Temporada 3: Episodio 41,30/09/2020,6,,
Rosario Tijeras: Temporada 3: Episodio 40,30/09/2020,6,,
Rosario Tijeras: Temporada 3: Episodio 39,30/09/2020,6,,
Rosario Tijeras: Temporada 3: Episodio 38,30/09/2020,6,,
Rosario Tijeras: Temporada 3: Episodio 37,30/09/2020,6,,
Rosario Tijeras: Temporada 3: Episodio 36,30/09/2020,6,,
Rosario Tijeras: Temporada 3: Episodio 35,29/09/2020,6,,
Rosario Tijeras: Temporada 3: Episodio 34,29/09/2020,6,,
Rosario Tijeras: Temporada 3: Episodio 33,29/09/2020,6,,
Rosario Tijeras: Temporada 3: Episodio 32,29/09/2020,6,,
Rosario Tijeras: Temporada 3: Episodio 31,29/09/2020,6,,
R√°pidos y furiosos 5in control,29/09/2020,5,,
Rosario Tijeras: Temporada 3: Episodio 30,28/09/2020,6,,
Rosario Tijeras: Temporada 3: Episodio 29,28/09/2020,6,,
Rosario Tijeras: Temporada 3: Episodio 28,28/09/2020,6,,
Rosario Tijeras: Temporada 3: Episodio 27,28/09/2020,6,,
Rosario Tijeras: Temporada 3: Episodio 26,28/09/2020,6,,
Rosario Tijeras: Temporada 3: Episodio 25,28/09/2020,6,,
Rosario Tijeras: Temporada 3: Episodio 24,28/09/2020,6,,
Rosario Tijeras: Temporada 3: Episodio 23,28/09/2020,6,,
Rosario Tijeras: Temporada 3: Episodio 22,28/09/2020,6,,
Rosario Tijeras: Temporada 3: Episodio 21,28/09/2020,6,,
Rosario Tijeras: Temporada 3: Episodio 20,28/09/2020,6,,
El hombre de acero,27/09/2020,5,,
Rosario Tijeras: Temporada 3: Episodio 19,27/09/2020,6,,
Rosario Tijeras: Temporada 3: Episodio 18,27/09/2020,6,,
Rosario Tijeras: Temporada 3: Episodio 17,27/09/2020,6,,
Rosario Tijeras: Temporada 3: Episodio 16,26/09/2020,6,,
Terremoto: La falla de San Andr√©s,26/09/2020,5,,
Rosario Tijeras: Temporada 3: Episodio 15,26/09/2020,6,,
Rosario Tijeras: Temporada 3: Episodio 14,26/09/2020,6,,
Rosario Tijeras: Temporada 3: Episodio 13,26/09/2020,6,,
Rosario Tijeras: Temporada 3: Episodio 12,25/09/2020,6,,
Django sin cadenas,25/09/2020,7,,
Rosario Tijeras: Temporada 3: Episodio 11,25/09/2020,6,,
Rosario Tijeras: Temporada 3: Episodio 10,25/09/2020,6,,
Rosario Tijeras: Temporada 3: Episodio 9,25/09/2020,6,,
Rosario Tijeras: Temporada 3: Episodio 8,24/09/2020,6,,
Rosario Tijeras: Temporada 3: Episodio 7,24/09/2020,6,,
Rosario Tijeras: Temporada 3: Episodio 6,24/09/2020,6,,
Rosario Tijeras: Temporada 3: Episodio 5,23/09/2020,6,,
Rosario Tijeras: Temporada 3: Episodio 4,23/09/2020,6,,
Rosario Tijeras: Temporada 3: Episodio 3,22/09/2020,6,,
La m√°scara,21/09/2020,4,,
La maldici√≥n de Chucky,21/09/2020,7,,
iCarly: Temporada 1: iPilot,21/09/2020,4,,
Bob Esponja: Temporada 7: Patanes de Fosa / Esponja-cano,21/09/2020,4,,
√âlite: Temporada 3: Cayetana y Valerio,20/09/2020,6,,
Victorious: Temporada 1: El nuevo novio de Cat,25/08/2020,4,,
Vis a vis: El Oasis: ¬øQui√©n era Zulema Zahir?,25/08/2020,6,,
Vis a vis: El Oasis: La l√≠nea roja,25/08/2020,6,,
Vis a vis: El Oasis: Odio el sentimentalismo,25/08/2020,6,,
Mujer Maravilla,22/08/2020,5,,
El regreso del demonio,21/08/2020,7,,
C√°sese quien pueda,17/08/2020,5,,
Vis a vis: El Oasis: La vida de los mosquitos,15/08/2020,6,,
Vis a vis: El Oasis: Iguales o nada,15/08/2020,6,,
Vis a vis: El Oasis: Como te quiere una madre,15/08/2020,6,,
DreamWorks - Cuentos del pantano de Shrek: Volumen 1: Ver los tres cuentos del pantano de Shrek,14/08/2020,3,,
DreamWorks - Cuentos del pantano de Shrek: Volumen 1: Un relato de Shrek: As√∫stame si puedes,14/08/2020,3,,
DreamWorks - Cuentos del pantano de Shrek: Volumen 1: √çdolo de muy muy lejos,14/08/2020,3,,
Historias de miedo: Volumen 1: Ver los tres cuentos de miedo de DreamWorks,14/08/2020,3,,
Shrek Ogrorosa la Navidad,14/08/2020,2,,
Victorious: Temporada 1: La gran estafa de ping-pong,14/08/2020,4,,
Victorious: Temporada 1: La gran presentaci√≥n de Beck,14/08/2020,4,,
Club 57: Temporada 1: M√°s all√° de los l√≠mites temporales,13/08/2020,6,,
Club 57: Temporada 1: La presentaci√≥n robada,13/08/2020,6,,
Victorious: Temporada 1: Wifi en el cielo,13/08/2020,4,,
Victorious: Temporada 1: Los sobrevivientes del calor,13/08/2020,4,,
Vis a vis: El Oasis: La boda,12/08/2020,6,,
Vis a vis: El Oasis: Como esos matrimonios que antes de separarse tienen un hijo,12/08/2020,6,,
Rosario Tijeras: Temporada 3: Episodio 2,12/08/2020,6,,
Vis a vis: Temporada 4: La marea amarilla,11/08/2020,6,,
Vis a vis: Temporada 4: Vuelta a casa,11/08/2020,6,,
Vis a vis: Temporada 4: Mala persona,11/08/2020,6,,
Vis a vis: Temporada 4: Traici√≥n,11/08/2020,6,,
Vis a vis: Temporada 4: Mam√°,11/08/2020,6,,
Vis a vis: Temporada 4: El umbral del dolor,11/08/2020,6,,
R√°pidos y furiosos 7,10/08/2020,5,,
Vis a vis: Temporada 4: La fuga,10/08/2020,6,,
Vis a vis: Temporada 4: La Barbie,10/08/2020,6,,
Vis a vis: Temporada 3: Lo que sabemos de los monstruos,10/08/2020,6,,
Vis a vis: Temporada 3: Fuimos ni√±as,10/08/2020,6,,
Vis a vis: Temporada 3: Seis meses dan para mucho,10/08/2020,6,,
Vis a vis: Temporada 3: Alguien a quien le importes una mierda,10/08/2020,6,,
Vis a vis: Temporada 3: La bandera en el muro,10/08/2020,6,,
Vis a vis: Temporada 3: Un grano de arroz,10/08/2020,6,,
Vis a vis: Temporada 3: Muy f√°cil o muy dif√≠cil,10/08/2020,6,,
Vis a vis: Temporada 3: Cruz del Norte,10/08/2020,6,,
No se aceptan devoluciones,08/08/2020,5,,
Vis a vis: Temporada 2: L√≠quido,08/08/2020,6,,
Vis a vis: Temporada 2: Pl√°tano y lim√≥n,08/08/2020,6,,
Vis a vis: Temporada 2: Patrona de los desesperados,08/08/2020,6,,
Victorious: Temporada 1: Combate esc√©nico,08/08/2020,4,,
Victorious: Temporada 1: El mon√≥logo del p√°jaro,08/08/2020,4,,
Vis a vis: Temporada 2: Pecados y confusiones,08/08/2020,6,,
El se√±or de los Cielos: Temporada 1: Arranca la balacera,07/08/2020,6,,
Victorious: Temporada 1: Piloto,07/08/2020,4,,
Vis a vis: Temporada 2: Pillarse los dedos,07/08/2020,6,,
Vis a vis: Temporada 2: La vida sigue,07/08/2020,6,,
Sam y Cat: Temporada 1B: #PorUnaPeluca,07/08/2020,4,,
Vis a vis: Temporada 2: Un d√≠a de campo,07/08/2020,6,,
Vis a vis: Temporada 2: Los mandriles,07/08/2020,6,,
Sam y Cat: Temporada 1B: #SecuestramosUnaEstrellaDeRock,07/08/2020,4,,
Vis a vis: Temporada 2: En la l√≠nea de fuego,05/08/2020,6,,
Vis a vis: Temporada 2: Un cad√°ver en el maletero,04/08/2020,6,,
Vis a vis: Temporada 2: La gallinita,04/08/2020,6,,
Sam y Cat: Temporada 1B: #Noqueo,03/08/2020,4,,
Sam y Cat: Temporada 1B: #S√∫perPsic√≥tico,03/08/2020,4,,
Sam y Cat: Temporada 1B: #ProblemasDePrimeraClase,03/08/2020,4,,
Sam y Cat: Temporada 1B: #DronesYM√°sDrones,03/08/2020,4,,
√âlite: Temporada 3: Samuel y Guzm√°n,03/08/2020,6,,
√âlite: Temporada 3: Carla,03/08/2020,6,,
Sam y Cat: Temporada 1B: #AtoradaEnUnaCaja,03/08/2020,4,,
Sam y Cat: Temporada 1B: #Mu√±ecasFresno,03/08/2020,4,,
"Vis a vis: Temporada 2: Hogar, dulce hogar",03/08/2020,6,,
"Vis a vis: Temporada 2: A un mono, dos pistolas",03/08/2020,6,,
Vis a vis: Temporada 1: El principio de las tortugas,03/08/2020,6,,
Vis a vis: Temporada 1: Gato gris,03/08/2020,6,,
"Vis a vis: Temporada 1: Negra, negrita, negrata",02/08/2020,6,,
Norbit,02/08/2020,5,,
Sam y Cat: Temporada 1B: #EpisodioDeBloopers,02/08/2020,4,,
Sam y Cat: Temporada 1B: #AplastaSesos,02/08/2020,4,,
Sam y Cat: Temporada 1B: #SaltoSobreElAt√∫nAsesino: #Freddie #Jade #Robbie - Parte 2,02/08/2020,4,,
Sam y Cat: Temporada 1B: #SaltoSobreElAt√∫nAsesino: #Freddie #Jade #Robbie - Parte 1,02/08/2020,4,,
Sam y Cat: Temporada 1B: #CajeroM√°gico,02/08/2020,4,,
Sam y Cat: Temporada 1B: #Lump√°tico,02/08/2020,4,,
Sam y Cat: Temporada 1B: #ElD√≠adeYey,02/08/2020,4,,
Sam y Cat: Temporada 1B: #LocaPorUnZapato,02/08/2020,4,,
Sam y Cat: Temporada 1B: #PeezyB,02/08/2020,4,,
Vis a vis: Temporada 1: Pretty Woman,02/08/2020,6,,
Vis a vis: Temporada 1: A las 5 en punto de la tarde,02/08/2020,6,,
Vis a vis: Temporada 1: Te vendr√°n a buscar,01/08/2020,6,,
Sam y Cat: Temporada 1: #MiPoober,01/08/2020,4,,
Sam y Cat: Temporada 1: #SalmonCat,01/08/2020,4,,
Sam y Cat: Temporada 1: #Infecci√≥nDeGemelos,01/08/2020,4,,
Sam y Cat: Temporada 1: #OscarElOuch,01/08/2020,4,,
Sam y Cat: Temporada 1: #Ni√±erasDeLaMu√±eca,01/08/2020,4,,
Sam y Cat: Temporada 1: #La caja fuerte secreta,01/08/2020,4,,
Vis a vis: Temporada 1: La cruda realidad,01/08/2020,6,,
Vis a vis: Temporada 1: Un d√≠a de campo,01/08/2020,6,,
Vis a vis: Temporada 1: Lo que sucede conviene,01/08/2020,6,,
Vis a vis: Temporada 1: Cosiendo a Campanilla,01/08/2020,6,,
Vis a vis: Temporada 1: Mosquita muerta,31/07/2020,6,,
Sam y Cat: Temporada 1: #El comercial de ni√±eras,30/07/2020,4,,
Sam y Cat: Temporada 1: #La mam√° de Goomer,30/07/2020,4,,
Sam y Cat: Temporada 1: #El misterio de la motocicleta,30/07/2020,4,,
Sam y Cat: Temporada 1: #GwenYRubyRegresan,30/07/2020,4,,
Sam y Cat: Temporada 1: #Competencia de textos,30/07/2020,4,,
Sam y Cat: Temporada 1: #Beb√©s trepadores,30/07/2020,4,,
Sam y Cat: Temporada 1: #Cuidando a Goomer,30/07/2020,4,,
√âlite: Temporada 2: 0 horas desaparecido,29/07/2020,6,,
√âlite: Temporada 2: 84 horas desaparecido,29/07/2020,6,,
√âlite: Temporada 2: 66 horas desaparecido,29/07/2020,6,,
Sam y Cat: Temporada 1: #Guerra de ni√±eras,29/07/2020,6,,
√âlite: Temporada 2: 63 horas desaparecido,28/07/2020,6,,
√âlite: Temporada 2: 59 horas desaparecido,28/07/2020,6,,
Sam y Cat: Temporada 1: #Las ni√±as brit√°nicas,28/07/2020,4,,
√âlite: Temporada 2: 36 horas desaparecido,27/07/2020,6,,
√âlite: Temporada 2: 34 horas desaparecido,27/07/2020,6,,
Sam y Cat: Temporada 1: #La nueva cabra,27/07/2020,4,,
Sam y Cat: Temporada 1: #El show favorito,27/07/2020,4,,
Sam y Cat: Temporada 1: #Piloto,27/07/2020,4,,
√âlite: Temporada 1: Bienvenidos,27/07/2020,6,,
Miss Americana,27/07/2020,7,,
La propuesta,26/07/2020,5,,
Rosario Tijeras: Temporada 3: Episodio 1,26/07/2020,6,,
Death Race: La carrera de la muerte,11/01/2022,7,,
xXx 2: Estado de emergencia,10/01/2022,5,,
Buenos vecinos 2,08/01/2022,7,,
El ejÈrcito de los ladrones,07/01/2022,7,,
La ley de Herodes,07/09/2021,7,,
Vendetta,03/09/2021,7,,
Hacker: Amenaza en la red,03/09/2021,5,,
Perfectos desconocidos,30/08/2021,4,,
Marvel - The Punisher: Temporada 1: Memento mori,29/08/2021,6,,
La Dictadura Perfecta,29/08/2021,7,,
El es asi,29/08/2021,5,,
Hotel Transylvania 3: Monstruos de vacaciones,29/08/2021,1,,
Sweet Girl,25/08/2021,5,,
El infierno,24/08/2021,7,,
La caida de la Casa Blanca,16/08/2021,5,,
Las torres gemelas,15/08/2021,5,,
La cita perfecta,14/08/2021,5,,
Marvel - The Punisher: Temporada 1: Acero frio,13/08/2021,6,,
Buenos vecinos,02/07/2021,7,,
Shaft,02/07/2021,7,,
Ese es mi hijo,28/06/2021,7,,
Spenser: Confidencial,25/06/2021,5,,
Amigos de armas,23/06/2021,7,,
Creed II: Defendiendo el legado,21/06/2021,5,,
Supercool,19/06/2021,7,,
Transformers: La era de la extinci√≥n,19/06/2021,5,,
El maestro luchador,19/06/2021,5,,
Bumblebee,14/06/2021,5,,
Baile urbano,11/06/2021,5,,
Step Up: Todos a bailar,11/06/2021,5,,
Insatiable: Temporada 2: Cerda,10/06/2021,6,,
Insatiable: Temporada 1: ¬øQue mas podria salirme mal?,08/06/2021,6,,
Hitch: Especialista en seduccion,08/06/2021,5,,
Peleador callejero,07/06/2021,5,,
Chicuarotes,05/06/2021,7,,
xXx: Reactivado,05/06/2021,5,,
Lucifer: Temporada 5: øAsi se termina todo?,01/06/2021,6,,
Lucifer: Temporada 5: Nada es eterno,01/06/2021,6,,
Lucifer: Temporada 5: Vigilancia inofensiva,01/06/2021,6,,
"Lucifer: Temporada 5: Daniel Espinoza, desnudo y aterrado",31/05/2021,6,,
Lucifer: Temporada 5: ¬°Por Dios!,31/05/2021,6,,
Lucifer: Temporada 5: Karaoke celestial,31/05/2021,6,,
Lucifer: Temporada 5: Cena en familia,31/05/2021,6,,
The Witcher: Temporada 1: Luna traicionera,30/05/2021,6,,
The Walking Dead: Temporada 7: Llegar√° el d√≠a en el que no lo est√©s,29/05/2021,6,,
The Walking Dead: Temporada 9: ¬øQu√© viene despu√©s?,29/05/2021,6,,
Marvel - Daredevil: Temporada 3: Servilleta nueva,29/05/2021,6,,
Marvel - Daredevil: Temporada 3: Karen,29/05/2021,6,,
Marvel - The Defenders: Miniserie: The Defenders,28/05/2021,6,,
Marvel - The Defenders: Miniserie: En la pecera,28/05/2021,6,,
"Marvel - The Defenders: Miniserie: Cenizas, cenizas...",26/05/2021,6,,
Marvel - The Defenders: Miniserie: Refugio,26/05/2021,6,,
Marvel - The Defenders: Miniserie: Drag√≥n real,26/05/2021,6,,
Marvel - The Defenders: Miniserie: La palabra con H,26/05/2021,6,,
Marvel - Daredevil: Temporada 2: El hombre enjaulado,24/05/2021,6,,
Marvel - Daredevil: Temporada 2: Siete minutos en el Cielo,24/05/2021,6,,
Marvel - Daredevil: Temporada 2: Culpable,24/05/2021,6,,
Marvel - Daredevil: Temporada 2: Un lazarillo en las trincheras,24/05/2021,6,,
Marvel - Daredevil: Temporada 3: Por favor,23/05/2021,6,,
Marvel - The Punisher: Temporada 1: Gunner,23/05/2021,6,,
Marvel - Daredevil: Temporada 2: D√≠a fr√≠o en el Infierno,23/05/2021,6,,
Marvel - Daredevil: Temporada 2: .380,23/05/2021,6,,
Marvel - Daredevil: Temporada 2: El orgullo de Nueva York,23/05/2021,6,,
Marvel - The Punisher: Temporada 2: La tempestad,20/05/2021,6,,
Marvel - The Punisher: Temporada 2: Rumbo de colisi√≥n,20/05/2021,6,,
Marvel - The Punisher: Temporada 2: El abismo,20/05/2021,6,,
Marvel - The Punisher: Temporada 2: Las tinieblas del pasado,20/05/2021,6,,
Marvel - The Punisher: Temporada 2: Ellos o nosotros,19/05/2021,6,,
Marvel - The Punisher: Temporada 2: El guardi√°n de mi hermano,19/05/2021,6,,
Marvel - The Punisher: Temporada 2: Mal d√≠a,19/05/2021,6,,
Marvel - The Punisher: Temporada 2: Nakazat,19/05/2021,6,,
Marvel - The Punisher: Temporada 2: Cuidado con las jotas,19/05/2021,6,,
Marvel - The Punisher: Temporada 2: Cicatrices,18/05/2021,6,,
Marvel - The Punisher: Temporada 2: Agitar el agua,18/05/2021,6,,
Marvel - The Punisher: Temporada 2: Luchar o correr,18/05/2021,6,,
Marvel - The Punisher: Temporada 2: Roadhouse Blues,17/05/2021,6,,
Marvel - The Punisher: Temporada 1: Hogar,17/05/2021,6,,
Marvel - The Punisher: Temporada 1: Precauci√≥n extrema,16/05/2021,6,,
Marvel - The Punisher: Temporada 1: La virtud de los depravados,16/05/2021,6,,
Marvel - The Punisher: Temporada 1: Este lado hacia el enemigo,15/05/2021,6,,
Marvel - The Punisher: Temporada 1: Suministros,15/05/2021,6,,
Marvel - The Punisher: Temporada 1: Kandahar,15/05/2021,6,,
Marvel - The Punisher: Temporada 1: Dos hombres muertos,15/05/2021,6,,
Marvel - The Punisher: Temporada 1: 3 a.¬†m.,15/05/2021,6,,
Focus: Maestros de la estafa,10/03/2021,7,,
Los ilusionistas: Nada es lo que parece,09/03/2021,5,,
"Musica, amigos y fiesta",08/03/2021,7,,
Paul,23/02/2021,7,,
Jumanji: En la selva,22/02/2021,5,,
Breaking Bad: Temporada 1: Principio del fin,20/02/2021,6,,
Pixeles,19/02/2021,5,,
Scott Pilgrim vs. los ex de la chica de sus sue√±os,13/02/2021,5,,
"Sangre, sudor y gloria",01/01/2021,7,,
Geo-Tormenta,21/12/2020,5,,
Volver al futuro,21/12/2020,5,,
Liga de la Justicia,18/12/2020,5,,
El juez,04/12/2020,5,,
No te metas con Zohan,21/11/2020,7,,
El destino de J√∫piter,15/11/2020,5,,
El Hombre AraÒa 3,14/11/2020,5,,
S.W.A.T.: Unidad especial,13/11/2020,5,,
Linterna Verde,07/11/2020,5,,
Dos polic√≠as rebeldes 2,07/10/2020,7,,
Batman: El caballero de la noche,03/10/2020,5,,
El hombre de acero,27/09/2020,5,,
Escuadr√≥n 6,24/09/2020,7,,
Impacto profundo,23/09/2020,5,,
Los indestructibles 2,22/09/2020,7,,
Hellboy II: El ej√©rcito dorado,21/09/2020,7,,
Wild Wild West: Las aventuras de Jim West,20/09/2020,5,,
El diablo a todas horas,16/09/2020,7,,
Hasta el √∫ltimo hombre,14/09/2020,5,,
Code 8: Renegados,14/09/2020,5,,
Siberia,13/09/2020,5,,
S.W.A.T.: Bajo asedio,12/09/2020,5,,
La torre oscura,11/09/2020,5,,
D√≠a del atentado,25/08/2020,5,,
Bright,24/08/2020,7,,
Plan de escape,23/08/2020,5,,
Top Gun: Pasi√≥n y gloria,21/08/2020,5,,
El legado Bourne,20/08/2020,5,,
La estafa maestra,18/08/2020,7,,
Ghost Rider: El vengador fantasma,17/08/2020,7,,
Invasi√≥n del Mundo: Batalla Los √Ångeles,16/08/2020,5,,
El contador,15/08/2020,5,,
Proyecto Power,14/08/2020,5,,
El origen,13/08/2020,5,,
Una noche para sobrevivir,12/08/2020,7,,
Hancock,11/08/2020,5,,
El vuelo,10/08/2020,7,,
Guerra de los mundos,09/08/2020,5,,
Jack Reacher: Bajo la mira,08/08/2020,5,,
Guerra Mundial Z,07/08/2020,5,,
Constantine,06/08/2020,7,,
Assassin's Creed,05/08/2020,5,,
Tirador,04/08/2020,5,,
John Wick 2: Un nuevo dia para matar,03/08/2020,7,,
Diamantes en bruto,29/07/2020,7,,
